Бренд,Запрос,Спрос (в месяц),Топ-ассоциация,Ошибка
Звезда,логотип Звезда,3955,,
Первый канал,логотип Первый канал,1681,орт заставка (2993),
Россия 1,логотип Россия 1,1577,1с лого (244),
НТВ,логотип НТВ,1323,4к лого (179),
КамАЗ,логотип КамАЗ,1133,эмблема маз (431),
Смешарики,логотип Смешарики,1050,,
Домашний,логотип Домашний,1029,лого (332674),
Ярче,логотип Ярче,1012,лого (324690),
ГАЗ,логотип ГАЗ,971,газпром лого (569),
Победа,логотип Победа,923,pobeda авиакомпания (590),
Москвич,логотип Москвич,828,эмблема зил (305),
РПЛ,логотип РПЛ,789,,
Кенгуру,логотип Кенгуру,737,,
КХЛ,логотип КХЛ,687,цска лого (305),
УАЗ,логотип УАЗ,646,,
Союзмультфильм,логотип Союзмультфильм,583,,
Додо Пицца,логотип Додо Пицца,540,dodopizza (6390),
Балтика,логотип Балтика,499,эмблема спартака (3590),
ГрузоВики,логотип ГрузоВики,478,знаки машин эмблемы с названиями (745),
ОТР,логотип ОТР,418,lg logo (4797),
Матч ТВ,логотип Матч ТВ,412,матч тв телепрограмма (850761),
Ашан,логотип Ашан,411,auchan (10014),
СДЭК,логотип СДЭК,408,cdek доставка (2219),
Татнефть,логотип Татнефть,392,doc tatneft (1155),
Монетка,логотип Монетка,368,,
Своя Компания,логотип Своя Компания,350,лого (324690),
Пятый канал,логотип Пятый канал,346,телеканал 5 (13766),
Северсталь,логотип Северсталь,333,зенит лого (468),
Транснефть,логотип Транснефть,331,лукойл лого (207),
ТВ Центр,логотип ТВ Центр,322,твц программа (521127),
Верный,логотип Верный,320,билайн лого (226),
ТВ-3,логотип ТВ-3,320,первый канал лого (178),
Астон,логотип Астон,314,,
Газпромнефть,логотип Газпромнефть,310,газпром лого (569),
АвтоВАЗ,логотип АвтоВАЗ,280,эмблема лада (2872),
ПИК,логотип ПИК,277,роснефть лого (229),
Крым,логотип Крым,271,,
Дикси,логотип Дикси,267,перекресток лого (205),
ВГТРК,логотип ВГТРК,266,телеграм лого (711),
Этажи,логотип Этажи,261,,
Пятница,логотип Пятница,258,тнт лого (251),
Легенда,логотип Легенда,248,adidas logo (850),
Норникель,логотип Норникель,237,,
Просвещение,логотип Просвещение,232,,
Открытие,логотип Открытие,219,создать лого (1284),
Азбука,логотип Азбука,214,,
Сибирское Здоровье,логотип Сибирское Здоровье,213,эмблема медицины (672),
Маша и Медведь,логотип Маша и Медведь,213,маша и медведь анимашки (3779),
Сухой,логотип Сухой,212,,
Акрон,логотип Акрон,211,,
Апрель Аптека,логотип Апрель Аптека,210,21 апреля знак (6823),
Светофор,логотип Светофор,210,,
СИБУР,логотип СИБУР,203,рбк лого (142),
Башнефть,логотип Башнефть,194,лукойл лого (207),
Дом.рф,логотип Дом.рф,188,домик в поволжье (5180),
Марафон,логотип Марафон,173,эмблема адидас (1094),
Фонбет,логотип Фонбет,170,,
Согласие,логотип Согласие,162,эмблема джили (1089),
Ингосстрах,логотип Ингосстрах,160,найк лого (1311),
Мираторг,логотип Мираторг,155,,
Полюс,логотип Полюс,149,лого полис (291),
Останкино,логотип Останкино,148,телеграм лого (757),
Простоквашино,логотип Простоквашино,144,союзмультфильм лого (84),
Байкал,логотип Байкал,138,,
Европа Плюс,логотип Европа Плюс,138,адидас лого (1163),
Синергия,логотип Синергия,137,генератор лого (554),
Деловые линии,логотип Деловые линии,135,,
Черноголовка,логотип Черноголовка,133,исток реки клязьма (336),
Белуга,логотип Белуга,129,росатом лого (268),
Чистая Линия,логотип Чистая Линия,128,эмблема оон (483),
Бристоль,логотип Бристоль,128,wb лого (235),
Петрович,логотип Петрович,126,ozon logo (367),
Эвалар,логотип Эвалар,122,генератор лого (554),
ММК,логотип ММК,120,,
Технониколь,логотип Технониколь,120,панели технониколь (18396),
Кораблик,логотип Кораблик,120,штурвал корабля картинки (288),
НЛМК,логотип НЛМК,119,,
Русагро,логотип Русагро,117,роснефть лого (229),
Аскона,логотип Аскона,115,max logo (886),
Черкизово,логотип Черкизово,111,,
Летай,логотип Летай,110,эмблема зенита (1506),
Дымов,логотип Дымов,109,псж лого (127),
Якитория,логотип Якитория,107,тануки бизнес ланч меню (255),
Читай-город,логотип Читай-город,105,предписывающие знаки (12572),
Алроса,логотип Алроса,104,,
НОВАТЭК,логотип НОВАТЭК,102,лукойл лого (221),
Русское Радио,логотип Русское Радио,102,russkoe radio (117),
Полёт,логотип Полёт,101,,
ВСК,логотип ВСК,100,,
Райффайзенбанк,логотип Райффайзенбанк,100,реквизиты райффайзен банка (268),
Интер РАО,логотип Интер РАО,97,,
Подружка,логотип Подружка,97,,
Максим такси,логотип Максим такси,96,скачать значок макс (414),
Спар,логотип Спар,95,псж лого (128),
Мать и Дитя,логотип Мать и Дитя,94,,
Росгосстрах,логотип Росгосстрах,93,,
Русский Стандарт,логотип Русский Стандарт,93,совкомбанк лого (140),
Норма,логотип Норма,93,лого (324690),
ФосАгро,логотип ФосАгро,90,мегафон лого (234),
Абрау-Дюрсо,логотип Абрау-Дюрсо,90,,
Metro,логотип Metro,88,,
Дёмикс,логотип Дёмикс,88,,
Кофемания,логотип Кофемания,88,кофейное зерно рисунок (455),
Мотив,логотип Мотив,86,,
Эталон,логотип Эталон,86,,
РЕСО-Гарантия,логотип РЕСО-Гарантия,83,peco страхование (245),
Wink,логотип Wink,81,винк апк скачать для андроид тв (104),
Жигулёвское,логотип Жигулёвское,81,лого (324690),
Инвитро,логотип Инвитро,80,invitro промокод (486),
Улыбка Радуги,логотип Улыбка Радуги,78,,
Fix Price,логотип Fix Price,78,кружка фикс прайс (4976),
Мкб,логотип Мкб,76,тбанк лого (158),
Гринвей,логотип Гринвей,76,,
Чёрная Карта,логотип Чёрная Карта,76,mastercard logo (184),
Промсвязьбанк,логотип Промсвязьбанк,75,,
БЕТБУМ,логотип БЕТБУМ,75,рбк лого (142),
Сургутнефтегаз,логотип Сургутнефтегаз,73,,
Эконика,логотип Эконика,72,,
Остин,логотип Остин,72,астон мартин лого (91),
Эконива,логотип Эконива,71,4к лого (181),
ЛСР,логотип ЛСР,71,псж лого (128),
Евраз,логотип Евраз,71,,
Связной,логотип Связной,71,мтс лого (457),
Медси,логотип Медси,69,,
Sela,логотип Sela,68,росатом лого (268),
Winline,логотип Winline,68,,
Аэропорт Внуково,логотип Аэропорт Внуково,67,vnukovo airport (1159),
Дюшес,логотип Дюшес,66,,
Коломенское,логотип Коломенское,66,ателье коломна (807),
Ростсельмаш,логотип Ростсельмаш,66,чат гпт лого (126),
Ессентуки,логотип Ессентуки,65,,
Известия,логотип Известия,64,,
Приморье,логотип Приморье,63,,
Kari,логотип Kari,63,киа лого (223),
Мария-Ра,логотип Мария-Ра,63,феррари лого (508),
Тануки,логотип Тануки,63,,
Евросеть,логотип Евросеть,61,,
Банк Уралсиб,логотип Банк Уралсиб,60,сбербанк лого (526),
Lime,логотип Lime,59,,
Здравсити,логотип Здравсити,58,,
Фоксфорд,логотип Фоксфорд,58,,
ЮТэйр,логотип ЮТэйр,57,,
Соллерс,логотип Соллерс,57,,
Эксмо,логотип Эксмо,57,logo editing wiki (897),
Рольф,логотип Рольф,57,,
Красный Октябрь,логотип Красный Октябрь,56,конструктор красного цвета фильм 1993 (9616),
Team Spirit,логотип Team Spirit,55,теам спирит (1104),
Авторадио,логотип Авторадио,55,,
Befree,логотип Befree,54,,
Вимм-Билль-Данн,логотип Вимм-Билль-Данн,53,monsters inc ending logos multilanguage (1),
Шоколадница,логотип Шоколадница,53,,
ПЭК,логотип ПЭК,53,pixar logo (1918),
Банк Санкт-Петербург,логотип Банк Санкт-Петербург,52,банкоматы сбербанка в спб на карте (677),
Юла,логотип Юла,52,,
Моя Семья,логотип Моя Семья,52,свидетельство о семейных отношениях (2799),
Мосэнергосбыт,логотип Мосэнергосбыт,51,росатом энергосбыт (13101),
Estel,логотип Estel,50,раскладка эстель (1164),
Эйвон,логотип Эйвон,50,avon luck (1375),
Радио Дача,логотип Радио Дача,50,,
Bork,логотип Bork,49,,
Туполев,логотип Туполев,49,создать лого (1288),
Ригла,логотип Ригла,48,лукойл лого (214),
Югория,логотип Югория,48,гуччи лого (420),
Каждый День,логотип Каждый День,47,лого (324690),
Ред Вингс,логотип Ред Вингс,47,red see авиакомпания (62),
Столото,логотип Столото,47,росатом лого (259),
Боржоми,логотип Боржоми,46,,
Славянка,логотип Славянка,46,,
Дорожное Радио,логотип Дорожное Радио,46,авторадио волна какая частота (187),
Т Плюс,логотип Т Плюс,45,лого (332674),
Эстель,логотип Эстель,45,estel pro (2079),
Hoff,логотип Hoff,45,озон лого (1033),
Российская Газета,логотип Российская Газета,45,герб россии (71690),
Рот Фронт,логотип Рот Фронт,44,dreamworks logo (1099),
Столички,логотип Столички,44,телеграм лого (711),
NL International,логотип NL International,44,lg logo (4613),
Крошка Картошка,логотип Крошка Картошка,44,как сделать вкусное пюре из картофеля (236),
А101,логотип А101,43,,
Росбанк,логотип Росбанк,42,сбербанк лого (549),
Победит,логотип Победит,42,,
Мегаполис,логотип Мегаполис,42,лого полис (291),
Вилка-Ложка,логотип Вилка-Ложка,42,лого (324690),
Faberlic,логотип Faberlic,41,avon и фаберлик объединились (45),
Иннополис,логотип Иннополис,41,,
Аэропорт Шереметьево,логотип Аэропорт Шереметьево,40,,
Ренессанс страхование,логотип Ренессанс страхование,39,страховая компания ресо гарантия (1755),
Уралкалий,логотип Уралкалий,39,лукойл лого (207),
Первый Вкус,логотип Первый Вкус,39,,
Ак Барс Банк,логотип Ак Барс Банк,38,акбарсбанк банк личный кабинет (748),
СберМобайл,логотип СберМобайл,38,сбербанк лого (526),
Аэропорт Домодедово,логотип Аэропорт Домодедово,38,расписание прилетов домодедово онлайн табло на сегодня (351),
Хеликс,логотип Хеликс,37,лукойл лого (221),
Европлан,логотип Европлан,37,совкомбанк лого (138),
Му-Му,логотип Му-Му,36,муму кафе (6905),
Инмарко,логотип Инмарко,36,дисней лого (226),
Аквафор,логотип Аквафор,36,aquaphor фильтр для воды (399),
Фармстандарт,логотип Фармстандарт,35,,
Gloria Jeans,логотип Gloria Jeans,35,сен лоран dg leos скачать (261),
Каратов,логотип Каратов,35,,
Северный ветер,логотип Северный ветер,35,промокод нордвинд (1136),
Очаково,логотип Очаково,35,эмблема оон (461),
Лига Ставок,логотип Лига Ставок,35,сбп лого (205),
Bosco,логотип Bosco,35,втб лого (483),
Sunlight,логотип Sunlight,34,,
Дочки-Сыночки,логотип Дочки-Сыночки,34,,
Мельница анимационная студия,логотип Мельница анимационная студия,34,сильнейший мудрец низшей эмблемы мультсериал 2022 (5767),
Zarina,логотип Zarina,33,,
Абсолют банк,логотип Абсолют банк,33,эмблема сбербанка (212),
1С-Битрикс,логотип 1С-Битрикс,33,1c bitrix (1943),
Наше Радио,логотип Наше Радио,33,the radio (28058),
Аптека.ру,логотип Аптека.ру,32,apteka ru (39471),
Гемотест,логотип Гемотест,32,оак гемотест (1483),
Cloud.ru,логотип Cloud.ru,32,лого (324690),
Почта Mail,логотип Почта Mail,32,,
Tele2,логотип Tele2,31,4к лого (179),
Forward,логотип Forward,31,найк лого (1247),
Газпром-Медиа,логотип Газпром-Медиа,31,газпромбанк лого (126),
Планета Здоровья,логотип Планета Здоровья,30,эмблема медицины (674),
Центр-инвест,логотип Центр-инвест,30,мудрец низшей эмблемы (17850),
Кубань Кредит,логотип Кубань Кредит,30,как закрыть кредитную карту тинькофф (4701),
Кордиант,логотип Кордиант,30,баленсиага лого (187),
Синема Парк,логотип Синема Парк,30,акварель киномакс тамбов расписание (1408),
Ведомости,логотип Ведомости,30,создать лого (1288),
Макфа,логотип Макфа,29,макс лого (2173),
Бабаевский,логотип Бабаевский,29,wb лого (233),
Топаз,логотип Топаз,29,,
Гулливер,логотип Гулливер,29,эмблема ливерпуля (371),
Делимобиль,логотип Делимобиль,29,,
Четыре Лапы,логотип Четыре Лапы,29,,
Азимут Отели,логотип Азимут Отели,29,azimut hotels (2027),
Мосгаз,логотип Мосгаз,28,,
Concept,логотип Concept,28,,
World Class,логотип World Class,28,ворлд класс символ (145),
Каро,логотип Каро,28,феррари лого (508),
DPD,логотип DPD,27,дпд доставка (4234),
УБРиР,логотип УБРиР,27,,
Supra,логотип Supra,27,супра мк4 (7532),
Р-Фарм,логотип Р-Фарм,26,лого (327620),
Мосводоканал,логотип Мосводоканал,26,,
Бронницкий Ювелир,логотип Бронницкий Ювелир,26,эмблема с гниющим крылатым мечом элден ринг (295),
Байкал Сервис,логотип Байкал Сервис,26,,
Глобус гипермаркет,логотип Глобус гипермаркет,26,гиперглобус (5925),
Орматек,логотип Орматек,25,сгенерировать лого (183),
Золотая Корона,логотип Золотая Корона,25,плетение цепочек из золота фото с названиями (803),
Leon,логотип Leon,25,эмблема пежо (1349),
СберМаркет,логотип СберМаркет,24,,
Love Republic,логотип Love Republic,24,адидас лого (1127),
Шишкин лес,логотип Шишкин лес,24,,
МКБ Банк,логотип МКБ Банк,24,,
Красный Яр,логотип Красный Яр,24,ркн лого (128),
Царицыно,логотип Царицыно,24,эмблема локомотива (1341),
DFM,логотип DFM,24,,
Совкомбанк страхование,логотип Совкомбанк страхование,23,,
ЭР-Телеком,логотип ЭР-Телеком,23,,
Solgar,логотип Solgar,23,эмблема ливерпуля (371),
Кредит Европа Банк,логотип Кредит Европа Банк,23,совкомбанк лого (138),
Клинское,логотип Клинское,23,герб клина (210),
Свой Банк,логотип Свой Банк,23,n fyr (13806),
Нижфарм,логотип Нижфарм,22,псж лого (127),
Splat,логотип Splat,22,мтс лого (473),
Домик в деревне,логотип Домик в деревне,22,дом у дороги деревенская жизнь (93591),
АТБ банк,логотип АТБ банк,22,тбанк лого (154),
Максидом,логотип Максидом,22,,
Афанасий,логотип Афанасий,22,,
Yclients,логотип Yclients,22,klasky csupo logo (4182),
Хлебный Дом,логотип Хлебный Дом,21,,
Продимекс,логотип Продимекс,21,тесла лого (137),
Kitfort,логотип Kitfort,21,форд лого (345),
Айсберри,логотип Айсберри,21,сбербанк лого (526),
Positive Technologies,логотип Positive Technologies,21,lenovo legion go s (4131),
S7 Airlines,логотип S7 Airlines,20,с7 авиабилеты (21753),
Гранель,логотип Гранель,20,,
Новикомбанк,логотип Новикомбанк,20,тбанк лого (158),
Вокруг Света,логотип Вокруг Света,20,,
Русская Механика,логотип Русская Механика,20,,
Экомилк,логотип Экомилк,19,4к лого (181),
Строительный Двор,логотип Строительный Двор,19,стройдвор екатеринбург официальный (1760),
Familia,логотип Familia,18,лента лого (380),
Herbalife,логотип Herbalife,18,вкусвилл лого (120),
Синара банк,логотип Синара банк,18,тбанк лого (154),
Kaspersky,логотип Kaspersky,18,скачать касперский антивирус бесплатно (8677),
Герофарм,логотип Герофарм,18,эмблема с гниющим крылатым мечом элден ринг (295),
Русский Продукт,логотип Русский Продукт,18,реестр российской промышленной продукции (41445),
Автодом,логотип Автодом,18,машина с эмблемой лошади (798),
Медскан,логотип Медскан,18,,
Утконос,логотип Утконос,17,,
Skyeng,логотип Skyeng,17,скаенг (19165),
Слата,логотип Слата,17,,
Асна,логотип Асна,16,рбк лого (158),
Danone,логотип Danone,16,adidas logo (851),
Займер,логотип Займер,16,,
Автомир,логотип Автомир,16,машина с конем на эмблеме (306),
Коммерсантъ,логотип Коммерсантъ,16,телеграм лого (711),
Добрый сок,логотип Добрый сок,16,,
Кухни Мария,логотип Кухни Мария,16,mastercard logo (184),
Атомфлот,логотип Атомфлот,16,,
Отисифарм,логотип Отисифарм,15,самсон фарма интернет аптека заказ лекарств (444),
Декатлон,логотип Декатлон,15,adidas logo (851),
Ситно,логотип Ситно,15,создать лого (1288),
Пекарь,логотип Пекарь,15,горельская пекарня (324),
Зенит банк,логотип Зенит банк,15,сбербанк лого (526),
Банк Зенит,логотип Банк Зенит,15,сбербанк лого (526),
АСТ издательство,логотип АСТ издательство,15,вк фест 2026 москва (103507),
Бетховен,логотип Бетховен,15,,
Много Мебели,логотип Много Мебели,15,,
Coral Travel,логотип Coral Travel,15,,
Finn Flare,логотип Finn Flare,15,финфлаер одежда (424),
Волма,логотип Волма,15,,
Совкомфлот,логотип Совкомфлот,15,эмблема аэрофлота (217),
Natura Siberica,логотип Natura Siberica,14,,
Молвест,логотип Молвест,14,,
Level Group,логотип Level Group,14,,
Ru-Center,логотип Ru-Center,14,,
Фармасинтез,логотип Фармасинтез,14,,
Ralf Ringer,логотип Ralf Ringer,14,,
78 канал,логотип 78 канал,14,lewba tv (322),
Невская Косметика,логотип Невская Косметика,13,,
Мелодия Здоровья,логотип Мелодия Здоровья,13,,
HeadHunter,логотип HeadHunter,13,,
Эстет,логотип Эстет,13,wb лого (233),
Vitek,логотип Vitek,13,мегафон лого (224),
Redmond,логотип Redmond,13,сименс лого (552),
Love Radio,логотип Love Radio,13,радио лол (167),
Юнипро,логотип Юнипро,12,,
Космос Отель,логотип Космос Отель,12,cosmos hotel (13909),
Энергогарант,логотип Энергогарант,12,лукойл лого (221),
Азиатско-Тихоокеанский Банк,логотип Азиатско-Тихоокеанский Банк,12,atb bank (101),
ВТБ Лизинг,логотип ВТБ Лизинг,12,vtb leasing (686),
Велком,логотип Велком,12,,
Экспобанк,логотип Экспобанк,11,совкомбанк лого (138),
Автотор,логотип Автотор,11,,
Даблби,логотип Даблби,11,вб лого (555),
Билла,логотип Билла,11,вб лого (578),
Красный Спорт,логотип Красный Спорт,11,,
Швабе,логотип Швабе,11,бмв лого (790),
Solopharm,логотип Solopharm,11,,
Зетта Страхование,логотип Зетта Страхование,10,лого полис (290),
36.6,логотип 36.6,10,,
Delivery Club,логотип Delivery Club,10,деливери клаб (32863),
Продо,логотип Продо,10,,
Орифлэйм,логотип Орифлэйм,10,билайн лого (228),
Бургер Кинг Россия,логотип Бургер Кинг Россия,10,burger king russia (770),
Чистая Линия Мороженое,логотип Чистая Линия Мороженое,10,лейс лангустины в пикантном соусе (574),
Mr.Doors,логотип Mr.Doors,10,,
1Win,логотип 1Win,10,роснефть лого (229),
Спортлото,логотип Спортлото,10,то лото (1148),
Много Лосося,логотип Много Лосося,10,лого (324690),
Ясная Поляна,логотип Ясная Поляна,9,смешарики лого (140),
Неофарм,логотип Неофарм,9,,
Тенториум,логотип Тенториум,9,,
Пони Экспресс,логотип Пони Экспресс,9,pony express (6809),
X-Fit,логотип X-Fit,9,хфит расписание ковров (107),
Быстроденьги,логотип Быстроденьги,9,,
ВСК Страхование,логотип ВСК Страхование,9,lka vsk ru (7359),
Элекснет,логотип Элекснет,9,,
Геоскан,логотип Геоскан,9,,
Массандра,логотип Массандра,9,,
Акрихин,логотип Акрихин,9,яндекс директ лого (74),
Фитнес Хаус,логотип Фитнес Хаус,9,,
Организм,логотип Организм,8,,
Иль Де Ботэ,логотип Иль Де Ботэ,8,луи виттон имаджинейшен фрагрантика (183),
Русские Самоцветы,логотип Русские Самоцветы,8,,
Cosmos Hotel Group,логотип Cosmos Hotel Group,8,космос отель групп (1149),
Эссен Продакшн,логотип Эссен Продакшн,8,скачать песню жую ириску в стиле диско (201),
Yves Rocher,логотип Yves Rocher,8,max logo svg (208),
Примсоцбанк,логотип Примсоцбанк,8,тбанк лого (154),
Севергазбанк,логотип Севергазбанк,8,,
Ё-мобиль,логотип Ё-мобиль,8,,
СМ-Клиника,логотип СМ-Клиника,8,,
Мираж Синема,логотип Мираж Синема,8,скачать песню move mint vip (130),
Anex Tour,логотип Anex Tour,8,анекс туроператор (24788),
Пифагор,логотип Пифагор,8,adidas logo (850),
Ретро FM,логотип Ретро FM,8,радио зенит частота (492),
Айкрафт,логотип Айкрафт,8,,
Ремит,логотип Ремит,7,лого (324690),
Leroy Merlin,логотип Leroy Merlin,7,,
Балтийский Лизинг,логотип Балтийский Лизинг,7,адидас лого (1163),
AOS,логотип AOS,7,логос семь (242),
Beget,логотип Beget,7,,
Bask,логотип Bask,7,эмблема адидас (1094),
Очкарик,логотип Очкарик,7,,
Билайн Бизнес,логотип Билайн Бизнес,6,мегафон лого (234),
Rendez-Vous,логотип Rendez-Vous,6,,
Меткомбанк,логотип Меткомбанк,6,,
Формула Кино,логотип Формула Кино,6,,
Согласие Страхование,логотип Согласие Страхование,6,ресо гарантия продлить полис осаго (522),
Биокад,логотип Биокад,6,лукойл лого (207),
Ollin,логотип Ollin,6,,
Челиндбанк,логотип Челиндбанк,6,,
Хрутка,логотип Хрутка,6,4к лого (181),
Принцесса Нури,логотип Принцесса Нури,6,цска лого (305),
Selectel,логотип Selectel,6,,
Затея,логотип Затея,6,,
Timepad,логотип Timepad,6,,
Вертекс,логотип Вертекс,5,,
Streetball,логотип Streetball,5,,
Савушкин продукт,логотип Савушкин продукт,5,,
О'КЕЙ,логотип О'КЕЙ,5,,
Инград,логотип Инград,5,,
Emex,логотип Emex,5,,
Exist,логотип Exist,5,,
Sunmar,логотип Sunmar,5,,
Миэль,логотип Миэль,5,,
Юмор FM,логотип Юмор FM,5,загадки с подвохом с ответами смешные (6580),
Roistat,логотип Roistat,5,,
E-com,логотип E-com,5,,
Спортландия,логотип Спортландия,5,,
Капитал МС,логотип Капитал МС,5,,
Клиника Мать и Дитя,логотип Клиника Мать и Дитя,5,,
Госзнак,логотип Госзнак,5,значок номер (30076),
Ренессанс Жизнь,логотип Ренессанс Жизнь,4,,
Черный Жемчуг,логотип Черный Жемчуг,4,росатом лого (265),
Мирра,логотип Мирра,4,,
Adamas,логотип Adamas,4,,
ЭкоНива Молоко,логотип ЭкоНива Молоко,4,,
Юнимилк,логотип Юнимилк,4,,
Kapous,логотип Kapous,4,,
Levrana,логотип Levrana,4,,
Аквион,логотип Аквион,4,,
Amway,логотип Amway,4,,
Полушка,логотип Полушка,4,,
Сбербанк страхование жизни,логотип Сбербанк страхование жизни,4,,
Абсолют Страхование,логотип Абсолют Страхование,4,,
Урал грузовики,логотип Урал грузовики,4,,
Самолёт девелопмент,логотип Самолёт девелопмент,4,,
ФСК Регион,логотип ФСК Регион,4,,
Мортон,логотип Мортон,4,,
Мир Детства,логотип Мир Детства,4,,
Правда Кофе,логотип Правда Кофе,4,,
Доктор Рядом,логотип Доктор Рядом,4,,
Pegas Touristik,логотип Pegas Touristik,4,,
Объединённая Судостроительная Корпорация,логотип Объединённая Судостроительная Корпорация,4,,
Айдиго,логотип Айдиго,4,,
Estel Professional,логотип Estel Professional,4,,
VK Cloud,логотип VK Cloud,4,,
Timeweb,логотип Timeweb,4,,
Простой Бизнес,логотип Простой Бизнес,4,,
Столплит,логотип Столплит,4,,
InfoWatch,логотип InfoWatch,4,,
Бланк Банк,логотип Бланк Банк,4,,
Хоум Кредит Банк,логотип Хоум Кредит Банк,3,home credit личный кабинет (147),
Эркафарм,логотип Эркафарм,3,,
Биннофарм Групп,логотип Биннофарм Групп,3,,
Валента Фарм,логотип Валента Фарм,3,,
Модис,логотип Модис,3,,
Мостра,логотип Мостра,3,,
Азимут Гостиницы,логотип Азимут Гостиницы,3,,
Русский Аппетит,логотип Русский Аппетит,3,,
Мэри Кэй,логотип Мэри Кэй,3,,
Донстрой,логотип Донстрой,3,,
QIWI,логотип QIWI,3,,
Модульбанк,логотип Модульбанк,3,,
Капитал Life,логотип Капитал Life,3,,
Кофе Хауз,логотип Кофе Хауз,3,,
Kviku,логотип Kviku,3,,
Autodoc,логотип Autodoc,3,,
Стройпарк,логотип Стройпарк,3,,
Волга-Днепр,логотип Волга-Днепр,3,,
Космос Отель Групп,логотип Космос Отель Групп,3,,
Материя Медика,логотип Материя Медика,3,,
Полисан,логотип Полисан,3,,
Роскар,логотип Роскар,3,,
Белая Берёзка,логотип Белая Берёзка,3,,
Relax FM,логотип Relax FM,3,,
Руссоль,логотип Руссоль,3,,
Русский Холод,логотип Русский Холод,3,,
Совкомбанк Технологии,логотип Совкомбанк Технологии,3,,
Ренессанс Кредит,логотип Ренессанс Кредит,3,,
Париматч,логотип Париматч,3,,
Тинькофф Мобайл,логотип Тинькофф Мобайл,3,,
Линзмастер,логотип Линзмастер,3,,
Планета Фитнес,логотип Планета Фитнес,3,,
Точка Кипения,логотип Точка Кипения,3,,
Трансмашхолдинг,логотип Трансмашхолдинг,3,,
СберСтрахование,логотип СберСтрахование,2,,
Рецепты Бабушки Агафьи,логотип Рецепты Бабушки Агафьи,2,,
Обувь России,логотип Обувь России,2,,
АВК,логотип АВК,2,,
Костромской Ювелирный Завод,логотип Костромской Ювелирный Завод,2,,
Радуга Вкуса,логотип Радуга Вкуса,2,,
Драйв Клик Банк,логотип Драйв Клик Банк,2,,
Нижнекамскшина,логотип Нижнекамскшина,2,,
Папа Джонс Россия,логотип Папа Джонс Россия,2,,
Ситимобил,логотип Ситимобил,2,,
Ситидрайв,логотип Ситидрайв,2,,
Сбербанк Лизинг,логотип Сбербанк Лизинг,2,,
Цветы.ру,логотип Цветы.ру,2,,
Букет Экспресс,логотип Букет Экспресс,2,,
Scarlett,логотип Scarlett,2,,
Победа Вкуса,логотип Победа Вкуса,2,,
Гипсополимер,логотип Гипсополимер,2,,
Wizart Animation,логотип Wizart Animation,2,,
Инком-Недвижимость,логотип Инком-Недвижимость,2,,
ErichKrause,логотип ErichKrause,2,,
Nordic,логотип Nordic,2,,
Быстров,логотип Быстров,2,,
Curtis,логотип Curtis,2,,
Synergetic,логотип Synergetic,2,,
MyTarget,логотип MyTarget,2,,
Calltouch,логотип Calltouch,2,,
Сладонеж,логотип Сладонеж,2,,
Рипол Классик,логотип Рипол Классик,2,,
Останкинский Мясокомбинат,логотип Останкинский Мясокомбинат,2,,
Randewoo,логотип Randewoo,2,,
Флорист.ру,логотип Флорист.ру,2,,
Ceresit,логотип Ceresit,2,,
Bergauf,логотип Bergauf,2,,
Синара Транспортные Машины,логотип Синара Транспортные Машины,2,,
Ампир,логотип Ампир,1,,
Валио,логотип Валио,1,,
Fazer,логотип Fazer,1,,
Konti,логотип Konti,1,,
Крафт Хайнц,логотип Крафт Хайнц,1,,
Cargill,логотип Cargill,1,,
The Body Shop,логотип The Body Shop,1,,
Юничел,логотип Юничел,1,,
Zenden,логотип Zenden,1,,
СберМегаМаркет,логотип СберМегаМаркет,1,,
Крайинвестбанк,логотип Крайинвестбанк,1,,
Ниармедик,логотип Ниармедик,1,,
Донской Табак,логотип Донской Табак,1,,
MigCredit,логотип MigCredit,1,,
Атран,логотип Атран,1,,
Грузовичкоф,логотип Грузовичкоф,1,,
Первая Мебельная Фабрика,логотип Первая Мебельная Фабрика,1,,
Мегаплан,логотип Мегаплан,1,,
Молочная Культура,логотип Молочная Культура,1,,
Wheely,логотип Wheely,1,,
TUI Россия,логотип TUI Россия,1,,
Ecos,логотип Ecos,1,,
Промобот,логотип Промобот,1,,
Пять Озёр,логотип Пять Озёр,1,,
Майский Чай,логотип Майский Чай,1,,
Иркут,логотип Иркут,1,,
RetailCRM,логотип RetailCRM,1,,
Кузнецкбизнесбанк,логотип Кузнецкбизнесбанк,1,,
Верофарм,логотип Верофарм,1,,
Озон Фарма,логотип Озон Фарма,1,,
Скандинавия клиника,логотип Скандинавия клиника,1,,
Чайка клиника,логотип Чайка клиника,1,,
Major Express,логотип Major Express,1,,
Челябинвестбанк,логотип Челябинвестбанк,1,,
Гелиос страхование,логотип Гелиос страхование,1,,
Grow Food,логотип Grow Food,1,,
Skyway,логотип Skyway,1,,
Национальный Клиринговый Центр,логотип Национальный Клиринговый Центр,0,,
Petrovax,логотип Petrovax,0,,
Северная Пальмира,логотип Северная Пальмира,0,,
Артколор,логотип Артколор,0,,
ГазпромМежрегионгаз,логотип ГазпромМежрегионгаз,0,,
Кухня На Районе,логотип Кухня На Районе,0,,
Broniboy,логотип Broniboy,0,,
585 Голд,логотип 585 Голд,0,,
Barambo,логотип Barambo,0,,
Аквалайф,логотип Аквалайф,0,,
Тархун,логотип Тархун,0,,
Липецкий Хладокомбинат,логотип Липецкий Хладокомбинат,0,,
Бабкины Секреты,логотип Бабкины Секреты,0,,
Аладушкин,логотип Аладушкин,0,,
Increment,логотип Increment,0,,
Union Group,логотип Union Group,0,,
Мон Дэлис,логотип Мон Дэлис,0,,
Славянка Кондитер,логотип Славянка Кондитер,0,,
Слобожанка,логотип Слобожанка,0,,
Юнилевер Русь,логотип Юнилевер Русь,0,,
585 Ювелир,логотип 585 Ювелир,0,,
Grattol,логотип Grattol,0,,
Botavikos,логотип Botavikos,0,,
Твинс Тэк,логотип Твинс Тэк,0,,
Планета Органика,логотип Планета Органика,0,,
Летуаль Бьюти,логотип Летуаль Бьюти,0,,
Здоровая Ферма,логотип Здоровая Ферма,0,,
Малавит,логотип Малавит,0,,
Ортомол,логотип Ортомол,0,,
Радеж,логотип Радеж,0,,
Тинькофф Страхование,логотип Тинькофф Страхование,0,,
PickPoint,логотип PickPoint,0,,
ЮKassa,логотип ЮKassa,0,,
Российский Капитал,логотип Российский Капитал,0,,
Форбанк,логотип Форбанк,0,,
Атлант Шины,логотип Атлант Шины,0,,
Republic книжный,логотип Republic книжный,0,,
Чайхона №1,логотип Чайхона №1,0,,
Такснет,логотип Такснет,0,,
Escape Fitness,логотип Escape Fitness,0,,
Кнауф Россия,логотип Кнауф Россия,0,,
Яшма Золото,логотип Яшма Золото,0,,
Кампомос,логотип Кампомос,0,,
Ниаг Мед,логотип Ниаг Мед,0,,
Money Man,логотип Money Man,0,,
1xStavka,логотип 1xStavka,0,,
Zoo Клуб,логотип Zoo Клуб,0,,
ОБИ Россия,логотип ОБИ Россия,0,,
Castorama Россия,логотип Castorama Россия,0,,
Ателика,логотип Ателика,0,,
Ru Такси,логотип Ru Такси,0,,
Zasport,логотип Zasport,0,,
Nova Tour,логотип Nova Tour,0,,
Погар,логотип Погар,0,,
Балканская Звезда,логотип Балканская Звезда,0,,
А.Коркунов,логотип А.Коркунов,0,,
АМО CRM,логотип АМО CRM,0,,
Рузское Молоко,логотип Рузское Молоко,0,,
Мирра Люкс,логотип Мирра Люкс,0,,
Сибирское Здоровье Люкс,логотип Сибирское Здоровье Люкс,0,,
Аромалюкс,логотип Аромалюкс,0,,
Костромской Ювелирпром,логотип Костромской Ювелирпром,0,,
Алмаз-Холдинг,логотип Алмаз-Холдинг,0,,
Азбука-Аттикус,логотип Азбука-Аттикус,0,,
Комсомольская Правда Издательство,логотип Комсомольская Правда Издательство,0,,
VK Play Cloud,логотип VK Play Cloud,0,,
Cybersport.ru,логотип Cybersport.ru,0,,
Major авто,логотип Major авто,0,,
Moyo,логотип Moyo,0,,
OneTwo,логотип OneTwo,0,,
Синявинская Птицефабрика,логотип Синявинская Птицефабрика,0,,
Черкизово Птица,логотип Черкизово Птица,0,,
Русагро Сахар,логотип Русагро Сахар,0,,
Тиккурила Россия,логотип Тиккурила Россия,0,,
Contact Перевод,логотип Contact Перевод,0,,
Rubetek,логотип Rubetek,0,,
Sorti,логотип Sorti,0,,
БиоМио,логотип БиоМио,0,,
Igoo,логотип Igoo,0,,
Kroha,логотип Kroha,0,,
Rentmee,логотип Rentmee,0,,
Ярослав Мудрый прокат,логотип Ярослав Мудрый прокат,0,,
Ключ коворкинг,логотип Ключ коворкинг,0,,
Рокет Ворк,логотип Рокет Ворк,0,,
Плати Позже,логотип Плати Позже,0,,
Русская Рыбная Компания,логотип Русская Рыбная Компания,0,,
Меридиан рыба,логотип Меридиан рыба,0,,
Черёмушки хлеб,логотип Черёмушки хлеб,0,,
Каравай СПб,логотип Каравай СПб,0,,
Concept Professional,логотип Concept Professional,0,,
Ростех Медицина,логотип Ростех Медицина,0,,
SberCloud,логотип SberCloud,0,,
Hostland,логотип Hostland,0,,
Мегаплан CRM,логотип Мегаплан CRM,0,,
Adriver,логотип Adriver,0,,
Ringostat,логотип Ringostat,0,,
Synerdocs,логотип Synerdocs,0,,
Ярче Красноярск,логотип Ярче Красноярск,0,,
Полушка Урал,логотип Полушка Урал,0,,
Донкомбанк,логотип Донкомбанк,0,,
Хакасский Муниципальный Банк,логотип Хакасский Муниципальный Банк,0,,
Либерти Страхование,логотип Либерти Страхование,0,,
Сберинс,логотип Сберинс,0,,
Национальная Страховая Группа,логотип Национальная Страховая Группа,0,,
Kapous Professional,логотип Kapous Professional,0,,
Barex Италика,логотип Barex Италика,0,,
Мелон Фэшн Груп,логотип Мелон Фэшн Груп,0,,
O'stin детский,логотип O'stin детский,0,,
Пятёрочка Обувь,логотип Пятёрочка Обувь,0,,
Kari Kids,логотип Kari Kids,0,,
Ikea аналог Hoff,логотип Ikea аналог Hoff,0,,
Сибирский Гипс,логотип Сибирский Гипс,0,,
Ясная Поляна масло,логотип Ясная Поляна масло,0,,
Слобода масло,логотип Слобода масло,0,,
Konfael,логотип Konfael,0,,
Победа Плюс шоколад,логотип Победа Плюс шоколад,0,,
Bonaqua Россия,логотип Bonaqua Россия,0,,
РуТакси Регион,логотип РуТакси Регион,0,,
Национальная Медиа Группа,логотип Национальная Медиа Группа,0,,
Мой Мир Игры,логотип Мой Мир Игры,0,,
Nikita Mobile,логотип Nikita Mobile,0,,
Danycom,логотип Danycom,0,,
Акушерство.ру,логотип Акушерство.ру,0,,
Alex Fitness,логотип Alex Fitness,0,,
Concept Club,логотип Concept Club,0,,
Melon Fashion Group,логотип Melon Fashion Group,0,,
BelkaCar,логотип BelkaCar,0,,
Anytime,логотип Anytime,0,,
Гослото,логотип Гослото,0,,
Радио Energy,логотип Радио Energy,0,,
Атяшевский Молочный Комбинат,логотип Атяшевский Молочный Комбинат,0,,
Клиника К+31,логотип Клиника К+31,0,,
Group-IB,логотип Group-IB,0,,
Anta Россия,логотип Anta Россия,0,,
Доктор рядом клиника,логотип Доктор рядом клиника,0,,
Ниармедик клиника,логотип Ниармедик клиника,0,,
Атлас медцентр,логотип Атлас медцентр,0,,
Ситимобил такси,логотип Ситимобил такси,0,,
Level Kitchen,логотип Level Kitchen,0,,
Много Суши,логотип Много Суши,0,,
Republic коворкинг,логотип Republic коворкинг,0,,
Ключевой коворкинг,логотип Ключевой коворкинг,0,,
Октобанк,логотип Октобанк,0,,
Хайс Банк,логотип Хайс Банк,0,,
Столплит Кухни,логотип Столплит Кухни,0,,
Норд Стрим,логотип Норд Стрим,0,,
Ситимобил доставка,логотип Ситимобил доставка,0,,
Broniboy Express,логотип Broniboy Express,0,,
Много.ру,логотип Много.ру,0,,
Едадил купоны,логотип Едадил купоны,0,,
Sk Skolkovo,логотип Sk Skolkovo,0,,
Ярче!,логотип Ярче!,,,"400: {
 ""code"": 3,
 ""message"": ""Invalid query"",
 ""details"": [
  {
   ""@type"": ""type.googleapis.com/google.rpc.RequestInfo"",
   ""requestId"": ""d5f90e5d-0cdb-4700-9e8f-"
